{
    "add_brev_l": [
        0.13971164831895727
    ],
    "add_brev_r": [
        0.13971164831895727
    ],
    "add_long_l": [
        0.22323701009465255
    ],
    "add_long_r": [
        0.22323701009465255
    ],
    "add_mag1_l": [
        0.11936158291510715
    ],
    "add_mag1_r": [
        0.11936158291510715
    ],
    "add_mag2_l": [
        0.20269823846299206
    ],
    "add_mag2_r": [
        0.20269823846299206
    ],
    "add_mag3_l": [
        0.35350938264210185
    ],
    "add_mag3_r": [
        0.35350938264210185
    ],
    "bifemlh_l": [
        0.4416926936932105
    ],
    "bifemlh_r": [
        0.4416926936932105
    ],
    "bifemsh_l": [
        0.25396960789356376
    ],
    "bifemsh_r": [
        0.25396960789356376
    ],
    "ercspn_l": [
        0.14970804921579867
    ],
    "ercspn_r": [
        0.14970804921579867
    ],
    "ext_dig_l": [
        0.4112979630335777
    ],
    "ext_dig_r": [
        0.4112979630335777
    ],
    "ext_hal_l": [
        0.3802836276925702
    ],
    "ext_hal_r": [
        0.3802836276925702
    ],
    "extobl_l": [
        0.2740593001523575
    ],
    "extobl_r": [
        0.2740593001523575
    ],
    "flex_dig_l": [
        0.4018550958708091
    ],
    "flex_dig_r": [
        0.4018550958708091
    ],
    "flex_hal_l": [
        0.3900473766523327
    ],
    "flex_hal_r": [
        0.3900473766523327
    ],
    "gem_l": [
        0.06595426200026804
    ],
    "gem_r": [
        0.06595426200026804
    ],
    "glut_max1_l": [
        0.2124004965260202
    ],
    "glut_max1_r": [
        0.2124004965260202
    ],
    "glut_max2_l": [
        0.22471368859918056
    ],
    "glut_max2_r": [
        0.22471368859918056
    ],
    "glut_max3_l": [
        0.24802632136421854
    ],
    "glut_max3_r": [
        0.24802632136421854
    ],
    "glut_med1_l": [
        0.126775817394328
    ],
    "glut_med1_r": [
        0.126775817394328
    ],
    "glut_med2_l": [
        0.13944847606194916
    ],
    "glut_med2_r": [
        0.13944847606194916
    ],
    "glut_med3_l": [
        0.11891534415709354
    ],
    "glut_med3_r": [
        0.11891534415709354
    ],
    "glut_min1_l": [
        0.08711889505727215
    ],
    "glut_min1_r": [
        0.08711889505727215
    ],
    "glut_min2_l": [
        0.08922809801850536
    ],
    "glut_min2_r": [
        0.08922809801850536
    ],
    "glut_min3_l": [
        0.09402876727895565
    ],
    "glut_min3_r": [
        0.09402876727895565
    ],
    "grac_l": [
        0.46026987355922877
    ],
    "grac_r": [
        0.46026987355922877
    ],
    "iliacus_l": [
        0.20812958069290272
    ],
    "iliacus_r": [
        0.20812958069290272
    ],
    "intobl_l": [
        0.19909603210511254
    ],
    "intobl_r": [
        0.19909603210511254
    ],
    "lat_gas_l": [
        0.4261567902070105
    ],
    "lat_gas_r": [
        0.4261567902070105
    ],
    "med_gas_l": [
        0.4296518732156617
    ],
    "med_gas_r": [
        0.4296518732156617
    ],
    "pect_l": [
        0.10480040589616055
    ],
    "pect_r": [
        0.10480040589616055
    ],
    "per_brev_l": [
        0.20563519011514114
    ],
    "per_brev_r": [
        0.20563519011514114
    ],
    "per_long_l": [
        0.3884241297740792
    ],
    "per_long_r": [
        0.3884241297740792
    ],
    "per_tert_l": [
        0.1540154983881904
    ],
    "per_tert_r": [
        0.1540154983881904
    ],
    "peri_l": [
        0.14587947908563523
    ],
    "peri_r": [
        0.14587947908563523
    ],
    "psoas_l": [
        0.2615500089800756
    ],
    "psoas_r": [
        0.2615500089800756
    ],
    "quad_fem_l": [
        0.06499330331657253
    ],
    "quad_fem_r": [
        0.06499330331657253
    ],
    "rect_fem_l": [
        0.4530237497933626
    ],
    "rect_fem_r": [
        0.4530237497933626
    ],
    "sar_l": [
        0.58912974050546
    ],
    "sar_r": [
        0.58912974050546
    ],
    "semimem_l": [
        0.4365867474410614
    ],
    "semimem_r": [
        0.4365867474410614
    ],
    "semiten_l": [
        0.48516115801924337
    ],
    "semiten_r": [
        0.48516115801924337
    ],
    "soleus_l": [
        0.263782428906855
    ],
    "soleus_r": [
        0.263782428906855
    ],
    "tfl_l": [
        0.5559022709278316
    ],
    "tfl_r": [
        0.5559022709278316
    ],
    "tib_ant_l": [
        0.27359454298624875
    ],
    "tib_ant_r": [
        0.27359454298624875
    ],
    "tib_post_l": [
        0.3159584299962902
    ],
    "tib_post_r": [
        0.3159584299962902
    ],
    "vas_int_l": [
        0.21647465047746842
    ],
    "vas_int_r": [
        0.216418218011635
    ],
    "vas_lat_l": [
        0.22718162020050509
    ],
    "vas_lat_r": [
        0.22718162020050509
    ],
    "vas_med_l": [
        0.20381837293210858
    ],
    "vas_med_r": [
        0.20381837293210858
    ]
}
